{"test_epoch_loss":1.4861063957214355,"val_epoch_acc":0.35227271914482117,"_step":2,"_runtime":20.7350983,"train_loss":1.5101795196533203,"test_epoch_acc":0.36313867568969727,"epoch":1,"_timestamp":1.7329800867354572e+09,"trainer/global_step":55,"val_epoch_loss":1.4875408411026,"test_loss":1.494104266166687,"valid_loss":1.4886800050735474,"_wandb":{"runtime":21}}