{"val_epoch_acc":0.31220000982284546,"valid_loss":1.9177228212356567,"epoch":1,"_wandb":{"runtime":42},"test_epoch_loss":1.9099122285842896,"val_epoch_loss":1.917602300643921,"test_epoch_acc":0.313400000333786,"_runtime":42.0677212,"train_loss":1.7664791345596313,"_step":26,"test_loss":1.9099912643432617,"trainer/global_step":1250,"_timestamp":1.7329801492423337e+09}